handle;название;тип;участников;сообщ_час;молчит_мин;нашёлся_по;обсуждения;ошибка
almaty_kz_chat1;Алматы | Almaty | Чат 🇰🇿;чат;137;586.52;90708;Алматы чат;;
chat_almatyg;ALMATY;канал;34;330.00;782311;Алматы чат;;
nashinsky_chat;АСТАНА ЗНАКОМСТВА ОБЩЕНИЕ;чат;4501;97.25;0;Астана чат;;
kazakhstan_chat_astana;Казахстан Чат;чат;4806;96.39;0;Казахстан чат;;
kkkaaaska;АСТАНА ЧАТ;чат;10492;66.36;0;Астана чат;;
kazakhstan_biznes;Бизнес Казахстана;канал;6;60.83;3565406;бизнес Казахстан;;
ffin_global_chat;Фридом | Банки Казахстана - ЧАТ;чат;24130;33.23;3;Казахстан чат;;
almaty4u;Алматы Чат Объявления Барахолка;чат;4474;12.96;1;Алматы чат;;
biznesvkz;Бизнес в казахстане Якутия;чат;1011;11.03;2;бизнес Казахстан;;
bankskz_chat;Банки Казахстана - ЧАТ;чат;2155;8.13;376;Казахстан чат;;
obyavlenia_astana;Астана Чат Барахолка Недвижимость;чат;3992;1.63;43;недвижимость Астана;;
astanasiti;НЕДВИЖИМОСТЬ куплю-продам-сдам;чат;412;1.33;125;недвижимость Астана;;
spylabchat;Spy💃Lab🕺Чат Алматы🍎;чат;943;1.12;17;Алматы чат;;
nastolki_almaty2023;Настолки Алматы Чат;чат;430;0.97;14;Алматы чат;;
qyzyq_chat;QYZYQ чат - Казахстан здесь;чат;165;0.85;74;Казахстан чат;qyzyqstan;
karaganda4;Караганда Казахстан Чат Общение Недвиж;чат;1310;0.59;13;недвижимость Казахстан;;
zhilealmaty;Недвижимость Алматы;чат;295;0.57;1453;недвижимость Алматы;;
domalmaty;Алматы Квартира-Недвижимость;чат;1886;0.47;54;недвижимость Алматы;;
tatarivkazahstanechat;ТАТАРЫ В КАЗАХСТАНЕ чат;чат;348;0.42;792;Казахстан чат;tatarivkazahstane;
wetrade_invest;🇰🇿 WeTrade Kazakhstan: инвестиции и тр;чат;765;0.34;289;инвестиции Казахстан;;
kzinvest;Инвестиции в Казахстане: фондовый рыно;чат;4022;0.28;224;инвестиции Казахстан;;
prosellalmaty;Недвижимость Алматы;канал;306;0.25;53553;недвижимость Алматы;;
bhbuzkz;Бизнес и Бухгалтерия Казахстана;чат;2964;0.22;420;бизнес Казахстан;;
students_astana;Астана чат;чат;378;0.22;1217;Астана чат;;
almaty_chat_01;Вака АЛМАТЫ АСТАНА;чат;3365;0.17;17156;Алматы чат;;
nedvizhimostplus_almaty;Недвижимость+ | Алматы;канал;278;0.16;405;недвижимость Алматы;;
realestate_almaty;Недвижимость Алматы;канал;127;0.13;1909971;недвижимость Алматы;;
kazakhstan_chaty;Казахстан = Алтын Орда.;чат;867;0.12;433;Казахстан чат;;
nasha_astana_kz;Астана Чат | Astana Chat;чат;2807;0.12;40;Астана чат;;
tn_almaty;Твоя Недвижимость в Алматы;канал;2134;0.10;584;недвижимость Алматы;;
nedvigaalmaty;Недвижимость в Алматы куплю, продам, с;чат;875;0.08;44;недвижимость Алматы;;
doterrabusinesskz;®Бизнес с dōTERRA Казахстан;канал;1242;0.07;644;бизнес Казахстан;Чат ®Бизнес с dōTERRA Казахс;
nedvizhka_astan;Астана дешевая недвижимость;канал;55;0.07;347349;недвижимость Астана;;
freelance_chat_kz;Фрилансеры Казахстана;чат;432;0.06;288615;Казахстан чат;;
astananedvizhimost;Астана Недвижимость Дом Офис Квартира ;чат;4167;0.06;88;недвижимость Астана;;
chat_kazakhstana;Казахстан Знакомства;чат;168;0.06;599;Казахстан чат;;
tennischatastana;Tennis Chat Astana;чат;792;0.05;1902;Астана чат;tennischatkz;
biznes_kitai_kazakhstan;Бизнес Казахстан и Китай;канал;4;0.04;1656592;бизнес Казахстан;;
rentkz1;НЕДВИЖИМОСТЬ В КАЗАХСТАНЕ;канал;1207;0.04;430;недвижимость Казахстан;;
relocatekazahstan;Телепорт в Казахстан | Релокация бизне;канал;1301;0.04;1647853;бизнес Казахстан;Телепорт в Казахстан;
chat_almaty;🏔 АЛМАТЫ КАНАЛ 🏔;канал;47;0.03;2322066;Алматы чат;;
cremapkz;CREMAP.KZ | Недвижимость Казахстана;канал;926;0.03;409;недвижимость Казахстан;;
investormoneymaker;ИНВЕСТИЦИИ ДЛЯ БИЗНЕСА Казахстан/Алмат;чат;261;0.03;1049;инвестиции Казахстан;;
wildberries_kazahstan;WildBerries Бизнес | Казахстан;канал;4741;0.02;22197;бизнес Казахстан;Твой дoxoд на WB 💜;
nedvizhimost_v_kazakhstan;Недвижимость в Казахстане. Консультаци;канал;140;0.02;2904;недвижимость Казахстан;;
astana_kz_chat;Астана | Astana | Чат 🇰🇿;чат;125;0.02;5731;Астана чат;;
kztcrypto;Инвестиции в криптовалюты в Казахстане;чат;207;0.02;6126;инвестиции Казахстан;;
kazakhstan_chati;Казахстан;канал;7;0.01;1636817;Казахстан чат;;
nedvigimostk;НЕДВИЖИМОСТЬ КАЗАХСТАН;чат;64;0.01;2932;недвижимость Казахстан;;
nedvizhimost1_almaty;Недвижимость без риэлторов Алматы;чат;8;0.01;93871;недвижимость Алматы;;
real_estate_kazakhstan;Недвижимость в Астане/Казахстане;канал;1614;0.01;187241;недвижимость Казахстан;Недвижимость в Астане/Казахс;
almaty_chaty;AЛМАТЫ чаты;чат;11;0.00;75;Алматы чат;;
astananedkz;Недвижимость-Земля. Нур-Султан;канал;138;0.00;2178929;недвижимость Астана;;
romanproinvesticii;Pro инвестиции. Инвестиции в Казахстан;канал;303;0.00;217790;инвестиции Казахстан;Обсуждение.;
astana_nedvizhimost;Астана Недвижисость;канал;61;0.00;56563;недвижимость Астана;Астана Недвижисость Chat;
terrakazakhstan;Бизнес-клуб ТЕРРА.КАЗАХСТАН;чат;891;0.00;162785;бизнес Казахстан;;
nedvizhimost_astana01;ВАРИАНТЫ НЕДВИЖИМОСТИ АСТАНА;чат;290;0.00;81288;недвижимость Астана;;
investgruppa;Investmarket: Инвестиции в Казахстане;канал;2664;0.00;137403;инвестиции Казахстан;;
angel_force;Angel Force ❘ Инвестиции в Казахстане;канал;50;0.00;2182109;инвестиции Казахстан;;
royal_estatekz;Элитная недвижимость Казахстана;канал;118;0.00;262841;недвижимость Казахстан;;
astana_chaty;Қандастар;чат;3;0.00;417819;Астана чат;;
avto_evropa1zakaz;Авто из Казахстана ОАЭ Кореи Chat;чат;140;0.00;66225;Казахстан чат;avto_kz_dubai_korea;
biztelegawp;Новый бизнес в Казахстане;чат;10;0.00;14364;бизнес Казахстан;;
nedvizhimost_astana;Недвижимость Астаны;канал;6;0.00;3060627;недвижимость Астана;;
nedvizhimost_almaty;Продажа ...дом...квартира Алматы;канал;67;0.00;1662555;недвижимость Алматы;;
inmoneyspb;Недвижимость Астана | Дмитрий Тарасов;канал;20;0.00;1493553;недвижимость Астана;;
biznes_v_kazakhstane;БИЗНЕС В КЗ;канал;8;0.00;1668414;бизнес Казахстан;;
altay_rieltor;НЕДВИЖИМОСТЬ (РОССИЯ И КАЗАХСТАН);канал;75;0.00;;недвижимость Казахстан;НЕДВИЖИМОСТЬ (РОССИЯ И КАЗАХ;
